Workbook

Sheet Executive Summary
A1: P2+ - MÔ HÌNH ĐÁNH GIÁ NĂNG LỰC MỞ RỘNG
A3: P2+ là mô hình đánh giá năng lực mở rộng, trong đó kết quả thực hiện OKR/KPI được tích hợp như một thành phần của P2, thay vì tách thành P3 độc lập. Mục tiêu là đơn giản hóa quy trình, phản ánh đúng đặc thù công việc kỹ thuật và đảm bảo đánh giá cân bằng giữa năng lực dài hạn và kết quả ngắn hạn.
A5: 👉 Lưu ý quan trọng:
A6: • Đây không phải "bỏ P3" • Mà là biến thể có chủ đích, tích hợp OKR/KPI vào P2 • Giúp đánh giá toàn diện cả năng lực dài hạn (P2-Core) và kết quả ngắn hạn (P2-Delivery)

Sheet Cấu trúc & Trọng số
A1: CẤU TRÚC & TRỌNG SỐ P2+
A3: I. CẤU TRÚC TỔNG THỂ P2+
A4: P2+ gồm 2 thành phần:
A5: A. P2-Core – Năng lực & cách làm việc (50%)
B6: • A. Năng lực kỹ thuật & kiến trúc
B7: • B. Ownership & quản lý hệ thống
B8: • C. Tối ưu hoá quy trình & tự động hoá (AI-first)
B9: • D. Đào tạo & điều phối đội ngũ
A11: B. P2-Delivery – Kết quả công việc (50%)
B12: • OKR/KPI tháng hoặc quý
B13: • Chất lượng delivery
A16: II. CÁCH TÍNH ĐIỂM P2+
A17: P2+ là điểm đánh giá cuối cùng dùng để xếp loại năng lực.
A18: P2+ Tổng = (P2-Core × 50%) + (P2-Delivery × 50%)
A19: 📌 Trong đó:
A20: P2-Core: phản ánh năng lực & cách làm việc dài hạn
A21: P2-Delivery: phản ánh kết quả thực tế trong kỳ
A23: III. NGUYÊN TẮC ĐÁNH GIÁ (BẮT BUỘC TUÂN THỦ)
A24: 1️⃣ Không chấm trùng nội dung
B25: • P2-Core: chấm cách làm việc, năng lực, hành vi
B26: • P2-Delivery: chấm kết quả đầu ra
B27: • Ví dụ: Chủ động xử lý sự cố → P2-Core | Số lượng sự cố giảm → P2-Delivery
A29: 2️⃣ OKR không thay thế năng lực
B30: • Nhân sự có kết quả OKR cao nhưng vi phạm chuẩn kỹ thuật, gây rủi ro hệ thống hoặc ảnh hưởng đội nhóm sẽ không được xếp loại P2+ cao.
A32: 3️⃣ Đánh giá theo mặt bằng chung
B33: • Điểm số phản ánh mức độ ổn định và phổ biến
B34: • Không đánh giá theo 1–2 tình huống nổi bật
A37: IV. NGƯỠNG XẾP LOẠI
A38: P2+ Tổng | B38: Xếp loại
A39: < 2.8 | B39: Chưa đạt
A40: 2.8 – 3.4 | B40: Đạt
A41: 3.5 – 4.1 | B41: Tốt
A42: ≥ 4.2 | B42: Xuất sắc

Sheet HEAD_OF_TECH
A1: P2 PERFORMANCE EVALUATION – Head of Tech
A3: Họ và tên | B3: Trịnh Quốc Hoàn Đạt | D3: Kỳ đánh giá
A4: Vai trò | B4: Trưởng phòng Công Nghệ | D4: Người đánh giá
A6: Nhóm năng lực | B6: Trọng số (%) | C6: Mức (L1/L2/L3/L4) | D6: Điểm quy đổi | E6: Nhận xét
A7: A. Năng lực kỹ thuật & kiến trúc | B7: 30 | C7: L2 | D7: =IF(C7="","",B7*IF(C7="L1",1.5,IF(C7="L2",2.5,IF(C7="L3",3.5,IF(C7="L4",5,0))))/100) -> 0.75
A8: B. Ownership & vận hành hệ thống | B8: 20 | C8: L2 | D8: =IF(C8="","",B8*IF(C8="L1",1.5,IF(C8="L2",2.5,IF(C8="L3",3.5,IF(C8="L4",5,0))))/100) -> 0.5
A9: C. Tối ưu hoá quy trình & tự động hoá (AI-first) | B9: 30 | C9: L3 | D9: =IF(C9="","",B9*IF(C9="L1",1.5,IF(C9="L2",2.5,IF(C9="L3",3.5,IF(C9="L4",5,0))))/100) -> 1.05
A10: D. Đào tạo & điều phối đội ngũ | B10: 20 | C10: L3 | D10: =IF(C10="","",B10*IF(C10="L1",1.5,IF(C10="L2",2.5,IF(C10="L3",3.5,IF(C10="L4",5,0))))/100) -> 0.7
A11: TỔNG P2 | B11: 100 | D11: =SUM(D7:D10) -> 3
A13: THANG ĐÁNH GIÁ CHI TIẾT (L1/L2/L3/L4)
A14: Mức | B14: Mô tả
A15: L1 | B15: Thực hiện công việc theo kế hoạch/quy trình có sẵn; còn phụ thuộc vào chỉ đạo và hỗ trợ từ lãnh đạo; xử lý vấn đề ở phạm vi hẹp, mang tính tác vụ.
A16: L2 | B16: Chủ động tổ chức và triển khai công việc; chịu trách nhiệm với phần việc được giao; đảm bảo hệ thống/dự án vận hành ổn định, đúng kế hoạch và mục tiêu cam kết.
A17: L3 | B17: Không chỉ vận hành mà còn chủ động cải tiến kiến trúc, quy trình và cách làm; giải quyết vấn đề xuyên hệ thống; tối ưu hiệu suất, chất lượng và năng suất của đội ngũ.
A18: L4 | B18: Extra: Định hướng chiến lược, chuẩn hoá cách làm và mô hình tổ chức; xây dựng hệ thống và đội ngũ tự chủ; tạo tác động rộng ở cấp bộ phận hoặc toàn công ty; nâng cao hiệu quả dài hạn.
A21: Kết quả công việc (P2-Delivery – từ OKR/KPI)
A22: Phần này phản ánh kết quả đầu ra, không đánh giá lại năng lực hay cách làm việc. (P2-Core là phần đánh giá NĂNG LỰC & CÁCH LÀM VIỆC mang tính nền tảng và dài hạn của nhân sự Công Nghệ.)
A24: Tiêu chí | B24: Mô tả | C24: Điểm (Chưa đạt=1.5, Đạt=3.5, Tốt=5)
A25: Mức độ hoàn thành OKR | B25: Tỷ lệ hoàn thành các mục tiêu đã cam kết trong kỳ đánh giá | C25: Đạt
A26: Chất lượng & ổn định hệ thống | B26: Ít lỗi nghiêm trọng; hạn chế làm lại; không gây sự cố production; hệ thống vận hành ổn định | C26: Đạt
A27: Cam kết & tiến độ | B27: Hoàn thành đúng hạn; chủ động báo sớm rủi ro; phối hợp tốt; đảm bảo nhịp độ bàn giao liên tục | C27: Chưa đạt
A29: P2-Delivery = Trung bình cộng các tiêu chí trên
A30: P2-Delivery | B30: =IF(COUNTA(C25:C27)=0,"", AVERAGE( IF(C25="Chưa đạt",1.5,IF(C25="Đạt",3.5,IF(C25="Tốt",5,""))), IF(C26="Chưa đạt",1.5,IF(C26="Đạt",3.5,IF(C26="Tốt",5,""))), IF(C27="Chưa đạt",1.5,IF(C27="Đạt",3.5,IF(C27="Tốt",5,""))) )) -> 2.8333333
A31: P2+ Tổng | B31: =IF(OR(D11="",B30=""),"",D11*0.5+B30*0.5) -> 2.9166667

Sheet MÔ TẢ - PHỤ LỤC
A1: MÔ TẢ NĂNG LỰC THEO VAI TRÒ
A2: Gợi ý: dùng nút +/- (Outline) để thu gọn/mở rộng theo từng Vai trò. Cấp độ 1 – Thực thi theo chỉ đạo: Tổ chức và vận hành hoạt động bộ phận Công Nghệ theo kế hoạch có sẵn; phụ thuộc vào định hướng và hỗ trợ từ lãnh đạo. | Cấp độ 2 – Chủ động chịu trách nhiệm: Chủ động tổ chức, điều phối và chịu trách nhiệm phần việc được giao; đảm bảo hệ thống và dự án vận hành ổn định, đúng kế hoạch và mục tiêu cam kết. | Cấp độ 3 – Tối ưu & cải tiến hệ thống: Chủ động cải tiến kiến trúc, quy trình và cách làm; giải quyết hiệu quả các vấn đề xuyên hệ thống; nâng cao chất lượng, năng suất và hiệu quả tổng thể. | Cấp độ 4 – Chuẩn hoá & dẫn dắt tổ chức: Định hướng chiến lược, chuẩn hoá kiến trúc và mô hình vận hành; xây dựng đội ngũ tự chủ; mở rộng tác động ở cấp bộ phận hoặc toàn công ty.
A4: Head of Tech
A5: Nhóm năng lực | B5: Cấp độ 1 | C5: Cấp độ 2 | D5: Cấp độ 3 | E5: Cấp độ 4
A6: A. Năng lực kỹ thuật & kiến trúc | B6: Thực hiện phát triển kỹ thuật theo kiến trúc có sẵn; chủ yếu xử lý ở mức tính năng/chi tiết; phụ thuộc vào định hướng kỹ thuật từ cấp trên. | C6: Chủ động thiết kế và lựa chọn giải pháp kỹ thuật cho dự án; đảm bảo hệ thống hoạt động ổn định, bảo mật và đáp ứng yêu cầu nghiệp vụ. | D6: Tối ưu kiến trúc tổng thể (backend, frontend, database, bảo mật, CI/CD…); giải quyết các vấn đề xuyên hệ thống; nâng cao hiệu năng, độ ổn định và khả năng mở rộng. | E6: Dẫn dắt định hướng kiến trúc ở cấp sản phẩm/hệ thống; xây dựng nền tảng kỹ thuật bền vững cho nhiều sản phẩm; tạo lợi thế công nghệ dài hạn và ảnh hưởng chiến lược đến tổ chức.
A7: B. Ownership & vận hành hệ thống | B7: Thực hiện vận hành theo yêu cầu; xử lý sự cố khi được giao; còn phụ thuộc vào chỉ đạo và hỗ trợ thường xuyên. | C7: Chủ động chịu trách nhiệm vận hành hệ thống/dự án được giao; đảm bảo uptime, ổn định, đúng tiến độ và chất lượng cam kết. | D7: Thiết lập cơ chế vận hành bền vững (monitoring, alert, audit, backup, security, quy trình sự cố…); giảm rủi ro hệ thống; chủ động phòng ngừa thay vì chỉ xử lý. | E7: Xây dựng hệ thống vận hành có khả năng tự kiểm soát; chủ động phòng ngừa rủi ro; mô hình quản lý trở thành chuẩn tham chiếu cho các đơn vị khác.
A8: C. Tối ưu hoá quy trình & tự động hoá (AI-first) | B8: Thực hiện công việc theo quy trình có sẵn; thao tác thủ công là chính; ít áp dụng công cụ tự động hoá hoặc AI. | C8: Áp dụng các công cụ tự động hoá/AI để tăng hiệu suất cá nhân; cải thiện tốc độ phát triển và giảm thao tác lặp lại trong phạm vi công việc của mình. | D8: Chuẩn hoá quy trình làm việc của đội ngũ (CI/CD, template, script, AI Agent, vibe coding…); tự động hoá phần lớn công việc lặp lại; rút ngắn thời gian delivery và giảm lỗi hệ thống. | E8: Định hướng chiến lược AI-first cho toàn bộ bộ phận; xây dựng môi trường phát triển tự động hoá cao (code/doc/test/deploy bằng AI); tối ưu chi phí nhân lực và tăng năng suất vượt trội cho tổ chức.
A9: D. Đào tạo & điều phối đội ngũ | B9: Phân công và điều phối chưa hiệu quả; đội ngũ phụ thuộc chỉ đạo trực tiếp; phối hợp liên phòng ban còn hạn chế. | C9: Tổ chức đội ngũ ổn định; phân công rõ ràng; đội ngũ làm việc chủ động; phối hợp tốt với các bộ phận liên quan. | D9: Đào tạo đội ngũ nâng cao năng lực chuyên môn và cách làm việc; chuẩn hoá tài liệu, guideline, best-practice; giúp thành viên làm việc độc lập và hiệu quả. | E9: Xây dựng đội ngũ tự chủ và kế thừa; phát triển năng lực tổng thể của bộ phận Công Nghệ; tạo văn hoá học tập, cải tiến liên tục và lan toả ảnh hưởng ra toàn công ty.

Sheet Summary_Ranking
A1: P2 SUMMARY & RANKING – BP CÔNG NGHỆ
A3: Nhập dữ liệu đánh giá của nhiều nhân sự để tự động xếp hạng. Cột 'Điểm P2' có thể nhập tay hoặc liên kết từ sheet role.
A5: STT | B5: Họ và tên | C5: Vai trò | D5: Kỳ đánh giá | E5: Điểm P2 | F5: Xếp loại | G5: Rank | H5: Ghi chú | I5: P2-Core | J5: OKR (P2-Delivery) | K5: P2+ Tổng | L5: P2-Core | M5: OKR (P2-Delivery) | N5: P2+ Tổng
A6: 1 | B6: Bùi Văn Hổ | C6: Designer, Frontend | F6: =IF(E6="","",IF(E6<2.5,"Chưa đạt",IF(E6<=3.2,"Đạt",IF(E6<=4,"Tốt","Rất tốt")))) | G6: =IF(E6="","",_xludf.RANK.EQ(E6,$E$6:$E$35,0)) | J6: =HEAD_OF_TECH!#REF! -> #REF! | K6: =HEAD_OF_TECH!#REF! -> #REF! | M6: =HEAD_OF_TECH!B30 -> 2.8333333 | N6: =HEAD_OF_TECH!B31 -> 2.9166667
A7: 2 | B7: Nguyễn Huy Hoàng | C7: Backend, Frontend | F7: =IF(E7="","",IF(E7<2.5,"Chưa đạt",IF(E7<=3.2,"Đạt",IF(E7<=4,"Tốt","Rất tốt")))) | G7: =IF(E7="","",_xludf.RANK.EQ(E7,$E$6:$E$35,0)) | J7: =HEAD_OF_TECH!#REF! -> #REF! | K7: =HEAD_OF_TECH!#REF! -> #REF! | M7: =HEAD_OF_TECH!B30 -> 2.8333333 | N7: =HEAD_OF_TECH!B31 -> 2.9166667
A8: 3 | B8: Đinh Tiến Chương | C8: Backend, Frontend | F8: =IF(E8="","",IF(E8<2.5,"Chưa đạt",IF(E8<=3.2,"Đạt",IF(E8<=4,"Tốt","Rất tốt")))) | G8: =IF(E8="","",_xludf.RANK.EQ(E8,$E$6:$E$35,0)) | J8: =HEAD_OF_TECH!#REF! -> #REF! | K8: =HEAD_OF_TECH!#REF! -> #REF! | M8: =HEAD_OF_TECH!B30 -> 2.8333333 | N8: =HEAD_OF_TECH!B31 -> 2.9166667
A9: 4 | B9: Nguyễn Đăng Đức | C9: Backend, Frontend | F9: =IF(E9="","",IF(E9<2.5,"Chưa đạt",IF(E9<=3.2,"Đạt",IF(E9<=4,"Tốt","Rất tốt")))) | G9: =IF(E9="","",_xludf.RANK.EQ(E9,$E$6:$E$35,0)) | J9: =HEAD_OF_TECH!#REF! -> #REF! | K9: =HEAD_OF_TECH!#REF! -> #REF! | M9: =HEAD_OF_TECH!B30 -> 2.8333333 | N9: =HEAD_OF_TECH!B31 -> 2.9166667
A10: 5 | F10: =IF(E10="","",IF(E10<2.5,"Chưa đạt",IF(E10<=3.2,"Đạt",IF(E10<=4,"Tốt","Rất tốt")))) | G10: =IF(E10="","",_xludf.RANK.EQ(E10,$E$6:$E$35,0)) | J10: =HEAD_OF_TECH!#REF! -> #REF! | K10: =HEAD_OF_TECH!#REF! -> #REF! | M10: =HEAD_OF_TECH!B30 -> 2.8333333 | N10: =HEAD_OF_TECH!B31 -> 2.9166667
A11: 6 | F11: =IF(E11="","",IF(E11<2.5,"Chưa đạt",IF(E11<=3.2,"Đạt",IF(E11<=4,"Tốt","Rất tốt")))) | G11: =IF(E11="","",_xludf.RANK.EQ(E11,$E$6:$E$35,0)) | J11: =HEAD_OF_TECH!#REF! -> #REF! | K11: =HEAD_OF_TECH!#REF! -> #REF! | M11: =HEAD_OF_TECH!B30 -> 2.8333333 | N11: =HEAD_OF_TECH!B31 -> 2.9166667
A12: 7 | F12: =IF(E12="","",IF(E12<2.5,"Chưa đạt",IF(E12<=3.2,"Đạt",IF(E12<=4,"Tốt","Rất tốt")))) | G12: =IF(E12="","",_xludf.RANK.EQ(E12,$E$6:$E$35,0)) | J12: =HEAD_OF_TECH!#REF! -> #REF! | K12: =HEAD_OF_TECH!#REF! -> #REF! | M12: =HEAD_OF_TECH!B30 -> 2.8333333 | N12: =HEAD_OF_TECH!B31 -> 2.9166667
A13: 8 | F13: =IF(E13="","",IF(E13<2.5,"Chưa đạt",IF(E13<=3.2,"Đạt",IF(E13<=4,"Tốt","Rất tốt")))) | G13: =IF(E13="","",_xludf.RANK.EQ(E13,$E$6:$E$35,0)) | J13: =HEAD_OF_TECH!#REF! -> #REF! | K13: =HEAD_OF_TECH!#REF! -> #REF! | M13: =HEAD_OF_TECH!B30 -> 2.8333333 | N13: =HEAD_OF_TECH!B31 -> 2.9166667
A14: 9 | F14: =IF(E14="","",IF(E14<2.5,"Chưa đạt",IF(E14<=3.2,"Đạt",IF(E14<=4,"Tốt","Rất tốt")))) | G14: =IF(E14="","",_xludf.RANK.EQ(E14,$E$6:$E$35,0)) | J14: =HEAD_OF_TECH!#REF! -> #REF! | K14: =HEAD_OF_TECH!#REF! -> #REF! | M14: =HEAD_OF_TECH!B30 -> 2.8333333 | N14: =HEAD_OF_TECH!B31 -> 2.9166667
A15: 10 | F15: =IF(E15="","",IF(E15<2.5,"Chưa đạt",IF(E15<=3.2,"Đạt",IF(E15<=4,"Tốt","Rất tốt")))) | G15: =IF(E15="","",_xludf.RANK.EQ(E15,$E$6:$E$35,0)) | J15: =HEAD_OF_TECH!#REF! -> #REF! | K15: =HEAD_OF_TECH!#REF! -> #REF! | M15: =HEAD_OF_TECH!B30 -> 2.8333333 | N15: =HEAD_OF_TECH!B31 -> 2.9166667
A16: 11 | F16: =IF(E16="","",IF(E16<2.5,"Chưa đạt",IF(E16<=3.2,"Đạt",IF(E16<=4,"Tốt","Rất tốt")))) | G16: =IF(E16="","",_xludf.RANK.EQ(E16,$E$6:$E$35,0)) | J16: =HEAD_OF_TECH!#REF! -> #REF! | K16: =HEAD_OF_TECH!#REF! -> #REF! | M16: =HEAD_OF_TECH!B30 -> 2.8333333 | N16: =HEAD_OF_TECH!B31 -> 2.9166667
A17: 12 | F17: =IF(E17="","",IF(E17<2.5,"Chưa đạt",IF(E17<=3.2,"Đạt",IF(E17<=4,"Tốt","Rất tốt")))) | G17: =IF(E17="","",_xludf.RANK.EQ(E17,$E$6:$E$35,0)) | J17: =HEAD_OF_TECH!#REF! -> #REF! | K17: =HEAD_OF_TECH!#REF! -> #REF! | M17: =HEAD_OF_TECH!B30 -> 2.8333333 | N17: =HEAD_OF_TECH!B31 -> 2.9166667
A18: 13 | F18: =IF(E18="","",IF(E18<2.5,"Chưa đạt",IF(E18<=3.2,"Đạt",IF(E18<=4,"Tốt","Rất tốt")))) | G18: =IF(E18="","",_xludf.RANK.EQ(E18,$E$6:$E$35,0)) | J18: =HEAD_OF_TECH!#REF! -> #REF! | K18: =HEAD_OF_TECH!#REF! -> #REF! | M18: =HEAD_OF_TECH!B30 -> 2.8333333 | N18: =HEAD_OF_TECH!B31 -> 2.9166667
A19: 14 | F19: =IF(E19="","",IF(E19<2.5,"Chưa đạt",IF(E19<=3.2,"Đạt",IF(E19<=4,"Tốt","Rất tốt")))) | G19: =IF(E19="","",_xludf.RANK.EQ(E19,$E$6:$E$35,0)) | J19: =HEAD_OF_TECH!#REF! -> #REF! | K19: =HEAD_OF_TECH!#REF! -> #REF! | M19: =HEAD_OF_TECH!B30 -> 2.8333333 | N19: =HEAD_OF_TECH!B31 -> 2.9166667
A20: 15 | F20: =IF(E20="","",IF(E20<2.5,"Chưa đạt",IF(E20<=3.2,"Đạt",IF(E20<=4,"Tốt","Rất tốt")))) | G20: =IF(E20="","",_xludf.RANK.EQ(E20,$E$6:$E$35,0)) | J20: =HEAD_OF_TECH!#REF! -> #REF! | K20: =HEAD_OF_TECH!#REF! -> #REF! | M20: =HEAD_OF_TECH!B30 -> 2.8333333 | N20: =HEAD_OF_TECH!B31 -> 2.9166667
A21: 16 | F21: =IF(E21="","",IF(E21<2.5,"Chưa đạt",IF(E21<=3.2,"Đạt",IF(E21<=4,"Tốt","Rất tốt")))) | G21: =IF(E21="","",_xludf.RANK.EQ(E21,$E$6:$E$35,0)) | J21: =HEAD_OF_TECH!#REF! -> #REF! | K21: =HEAD_OF_TECH!#REF! -> #REF! | M21: =HEAD_OF_TECH!B30 -> 2.8333333 | N21: =HEAD_OF_TECH!B31 -> 2.9166667
A22: 17 | F22: =IF(E22="","",IF(E22<2.5,"Chưa đạt",IF(E22<=3.2,"Đạt",IF(E22<=4,"Tốt","Rất tốt")))) | G22: =IF(E22="","",_xludf.RANK.EQ(E22,$E$6:$E$35,0)) | J22: =HEAD_OF_TECH!#REF! -> #REF! | K22: =HEAD_OF_TECH!#REF! -> #REF! | M22: =HEAD_OF_TECH!B30 -> 2.8333333 | N22: =HEAD_OF_TECH!B31 -> 2.9166667
A23: 18 | F23: =IF(E23="","",IF(E23<2.5,"Chưa đạt",IF(E23<=3.2,"Đạt",IF(E23<=4,"Tốt","Rất tốt")))) | G23: =IF(E23="","",_xludf.RANK.EQ(E23,$E$6:$E$35,0)) | J23: =HEAD_OF_TECH!#REF! -> #REF! | K23: =HEAD_OF_TECH!#REF! -> #REF! | M23: =HEAD_OF_TECH!B30 -> 2.8333333 | N23: =HEAD_OF_TECH!B31 -> 2.9166667
A24: 19 | F24: =IF(E24="","",IF(E24<2.5,"Chưa đạt",IF(E24<=3.2,"Đạt",IF(E24<=4,"Tốt","Rất tốt")))) | G24: =IF(E24="","",_xludf.RANK.EQ(E24,$E$6:$E$35,0)) | J24: =HEAD_OF_TECH!#REF! -> #REF! | K24: =HEAD_OF_TECH!#REF! -> #REF! | M24: =HEAD_OF_TECH!B30 -> 2.8333333 | N24: =HEAD_OF_TECH!B31 -> 2.9166667
A25: 20 | F25: =IF(E25="","",IF(E25<2.5,"Chưa đạt",IF(E25<=3.2,"Đạt",IF(E25<=4,"Tốt","Rất tốt")))) | G25: =IF(E25="","",_xludf.RANK.EQ(E25,$E$6:$E$35,0)) | J25: =HEAD_OF_TECH!#REF! -> #REF! | K25: =HEAD_OF_TECH!#REF! -> #REF! | M25: =HEAD_OF_TECH!B30 -> 2.8333333 | N25: =HEAD_OF_TECH!B31 -> 2.9166667
A26: 21 | F26: =IF(E26="","",IF(E26<2.5,"Chưa đạt",IF(E26<=3.2,"Đạt",IF(E26<=4,"Tốt","Rất tốt")))) | G26: =IF(E26="","",_xludf.RANK.EQ(E26,$E$6:$E$35,0)) | J26: =HEAD_OF_TECH!#REF! -> #REF! | K26: =HEAD_OF_TECH!#REF! -> #REF! | M26: =HEAD_OF_TECH!B30 -> 2.8333333 | N26: =HEAD_OF_TECH!B31 -> 2.9166667
A27: 22 | F27: =IF(E27="","",IF(E27<2.5,"Chưa đạt",IF(E27<=3.2,"Đạt",IF(E27<=4,"Tốt","Rất tốt")))) | G27: =IF(E27="","",_xludf.RANK.EQ(E27,$E$6:$E$35,0)) | J27: =HEAD_OF_TECH!#REF! -> #REF! | K27: =HEAD_OF_TECH!#REF! -> #REF! | M27: =HEAD_OF_TECH!B30 -> 2.8333333 | N27: =HEAD_OF_TECH!B31 -> 2.9166667
A28: 23 | F28: =IF(E28="","",IF(E28<2.5,"Chưa đạt",IF(E28<=3.2,"Đạt",IF(E28<=4,"Tốt","Rất tốt")))) | G28: =IF(E28="","",_xludf.RANK.EQ(E28,$E$6:$E$35,0)) | J28: =HEAD_OF_TECH!#REF! -> #REF! | K28: =HEAD_OF_TECH!#REF! -> #REF! | M28: =HEAD_OF_TECH!B30 -> 2.8333333 | N28: =HEAD_OF_TECH!B31 -> 2.9166667
A29: 24 | F29: =IF(E29="","",IF(E29<2.5,"Chưa đạt",IF(E29<=3.2,"Đạt",IF(E29<=4,"Tốt","Rất tốt")))) | G29: =IF(E29="","",_xludf.RANK.EQ(E29,$E$6:$E$35,0)) | J29: =HEAD_OF_TECH!#REF! -> #REF! | K29: =HEAD_OF_TECH!#REF! -> #REF! | M29: =HEAD_OF_TECH!B30 -> 2.8333333 | N29: =HEAD_OF_TECH!B31 -> 2.9166667
A30: 25 | F30: =IF(E30="","",IF(E30<2.5,"Chưa đạt",IF(E30<=3.2,"Đạt",IF(E30<=4,"Tốt","Rất tốt")))) | G30: =IF(E30="","",_xludf.RANK.EQ(E30,$E$6:$E$35,0)) | J30: =HEAD_OF_TECH!#REF! -> #REF! | K30: =HEAD_OF_TECH!#REF! -> #REF! | M30: =HEAD_OF_TECH!B30 -> 2.8333333 | N30: =HEAD_OF_TECH!B31 -> 2.9166667
A31: 26 | F31: =IF(E31="","",IF(E31<2.5,"Chưa đạt",IF(E31<=3.2,"Đạt",IF(E31<=4,"Tốt","Rất tốt")))) | G31: =IF(E31="","",_xludf.RANK.EQ(E31,$E$6:$E$35,0)) | J31: =HEAD_OF_TECH!#REF! -> #REF! | K31: =HEAD_OF_TECH!#REF! -> #REF! | M31: =HEAD_OF_TECH!B30 -> 2.8333333 | N31: =HEAD_OF_TECH!B31 -> 2.9166667
A32: 27 | F32: =IF(E32="","",IF(E32<2.5,"Chưa đạt",IF(E32<=3.2,"Đạt",IF(E32<=4,"Tốt","Rất tốt")))) | G32: =IF(E32="","",_xludf.RANK.EQ(E32,$E$6:$E$35,0)) | J32: =HEAD_OF_TECH!#REF! -> #REF! | K32: =HEAD_OF_TECH!#REF! -> #REF! | M32: =HEAD_OF_TECH!B30 -> 2.8333333 | N32: =HEAD_OF_TECH!B31 -> 2.9166667
A33: 28 | F33: =IF(E33="","",IF(E33<2.5,"Chưa đạt",IF(E33<=3.2,"Đạt",IF(E33<=4,"Tốt","Rất tốt")))) | G33: =IF(E33="","",_xludf.RANK.EQ(E33,$E$6:$E$35,0)) | J33: =HEAD_OF_TECH!#REF! -> #REF! | K33: =HEAD_OF_TECH!#REF! -> #REF! | M33: =HEAD_OF_TECH!B30 -> 2.8333333 | N33: =HEAD_OF_TECH!B31 -> 2.9166667
A34: 29 | F34: =IF(E34="","",IF(E34<2.5,"Chưa đạt",IF(E34<=3.2,"Đạt",IF(E34<=4,"Tốt","Rất tốt")))) | G34: =IF(E34="","",_xludf.RANK.EQ(E34,$E$6:$E$35,0)) | J34: =HEAD_OF_TECH!#REF! -> #REF! | K34: =HEAD_OF_TECH!#REF! -> #REF! | M34: =HEAD_OF_TECH!B30 -> 2.8333333 | N34: =HEAD_OF_TECH!B31 -> 2.9166667
A35: 30 | F35: =IF(E35="","",IF(E35<2.5,"Chưa đạt",IF(E35<=3.2,"Đạt",IF(E35<=4,"Tốt","Rất tốt")))) | G35: =IF(E35="","",_xludf.RANK.EQ(E35,$E$6:$E$35,0)) | J35: =HEAD_OF_TECH!#REF! -> #REF! | K35: =HEAD_OF_TECH!#REF! -> #REF! | M35: =HEAD_OF_TECH!B30 -> 2.8333333 | N35: =HEAD_OF_TECH!B31 -> 2.9166667
