Workbook

Sheet Hướng dẫn
A1: Hướng dẫn cách nhập điểm số - Đánh giá P2+
A3: 1. Thứ tự nhập liệu
A4: • Bước 1: Nhập danh sách thành viên tại sheet "Thành viên" (Họ tên, Vai trò, Mức hiện tại, Mức mục tiêu). - Vai trò: Backend, Frontend, Fullstack, Designer. Một người có thể có nhiều vai trò (nhập cách nhau bằng dấu phẩy, ví dụ: Backend, Frontend). • Bước 2: Nhập điểm Tự đánh giá tại sheet "Tự đánh giá" (điểm 1–3 cho từng nhóm). • Bước 3: Nhập điểm KPI tại sheet "KPI Công việc" (Đúng hạn, Chất lượng, Trách nhiệm). • Sheet "Điểm tổng" và "Tổng quan" tự động tính từ dữ liệu đã nhập.
A6: 2. Cách nhập điểm Tự đánh giá (sheet Tự đánh giá)
A7: • Mỗi hàng tương ứng một thành viên (Họ tên lấy tự động từ sheet Thành viên). • Bốn cột điểm: Kỹ thuật, Công việc, Trách nhiệm, AI Agent. • Chỉ nhập số nguyên từ 1 đến 3: - 1 = Mức 1 (L1): Thực hiện độc lập có hướng dẫn - 2 = Mức 2 (L2): Tối ưu, chủ động - 3 = Mức 3 (L3): Thiết kế, dẫn dắt, tư duy hệ thống • Tham chiếu tiêu chí chi tiết tại sheet "Tiêu chí theo nhóm".
A9: 3. Cách nhập điểm KPI Công việc (sheet KPI Công việc)
A10: • Ba cột cần nhập: Đúng hạn (40%), Chất lượng (30%), Trách nhiệm (30%). • Nhập điểm theo thang 1–5 (1 = thấp, 5 = cao) hoặc thang 1–3 tùy quy định nội bộ. • Cột "Điểm Công việc" tự tính: Đúng hạn x 0,4 + Chất lượng x 0,3 + Trách nhiệm x 0,3. • Không nhập chữ hoặc để trống nếu chưa đánh giá; có thể nhập 0 nếu cần.
A12: 4. Cách đọc kết quả
A13: • Sheet "Điểm tổng": Điểm Năng lực = trung bình 4 nhóm Tự đánh giá; Điểm P2+ Tổng = 50% Năng lực + 50% Delivery (Điểm Công việc). • Màu nền cột Điểm P2+ Tổng: Xanh (>= 2,5), Vàng (2,0 – 2,49), Đỏ (< 2,0). • Sheet "Tổng quan": Số lượng theo mức L1/L2/L3, điểm trung bình phòng ban, bảng Xuất sắc và Cần cải thiện.
A15: 5. Liên kết với file P2_Form_BP_Cong_Nghe.xlsx
A16: • Mối quan hệ: File này (P2_Plus_Evaluation_Tech_Department.xlsx) dùng để đánh giá P2+ nội bộ; file P2_Form_BP_Cong_Nghe.xlsx là mẫu đánh giá P2 Bộ phận Công Nghệ chính thức. Có thể dùng kết quả từ file này để điền hoặc báo cáo vào P2_Form. • Cách 1 – Tham chiếu từ P2_Form sang file này: Trong P2_Form_BP_Cong_Nghe.xlsx, tại ô cần lấy điểm, nhập công thức tham chiếu ngoài, ví dụ: ='[P2_Plus_Evaluation_Tech_Department.xlsx]Điểm tổng'!D2 (Lấy Điểm P2+ Tổng của hàng 2. Thay D2 bằng D3, D4,... tương ứng từng người. Hai file nên đặt cùng thư mục.) • Cách 2 – Copy kết quả sang P2_Form: Copy cột Họ tên (A) và Điểm P2+ Tổng (D) từ sheet "Điểm tổng" của file này, dán vào vị trí tương ứng trong P2_Form_BP_Cong_Nghe.xlsx (Dán giá trị để tránh phụ thuộc liên kết). • Lưu ý: Khi mở file có công thức liên kết ngoài, Excel sẽ hỏi "Cập nhật liên kết". Chọn Có nếu file kia cùng thư mục và cần lấy dữ liệu mới nhất. Nếu đổi tên hoặc di chuyển file, cần sửa lại đường dẫn trong công thức.

Sheet Tiêu chí theo nhóm
A1: Nhóm | B1: Mức 1 | C1: Mức 2 | D1: Mức 3
A2: Kỹ thuật | B2: Triển khai feature end-to-end có hướng dẫn; kiểm thử cơ bản. | C2: Thiết kế API/DB/UI độc lập; tối ưu hiệu năng/bảo mật; kiểm thử vững. | D2: Thiết kế kiến trúc; refactor hệ thống lớn; hướng dẫn người khác.
A3: Công việc | B3: Hoàn thành đúng hạn; tỷ lệ lỗi thấp. | C3: Ước lượng tin cậy; chia nhỏ công việc; bản release ổn định. | D3: Chịu trách nhiệm delivery dự án; phối hợp liên đội; kết quả dự đoán được.
A4: Trách nhiệm | B4: Chịu trách nhiệm với task được giao. | C4: Chủ động nhận diện rủi ro; đề xuất cải tiến. | D4: Thúc đẩy sáng kiến; gỡ bỏ blocker; chịu trách nhiệm toàn phần.
A5: AI Agent | B5: Dùng công cụ AI hỗ trợ viết code. | C5: Thiết kế prompt/automation/workflow. | D5: Xây hệ thống AI; tối ưu năng suất đội.

Sheet Thành viên
A1: Họ tên | B1: Vai trò | C1: Mức hiện tại | D1: Mức mục tiêu | E1: Ghi chú

Sheet Tự đánh giá
A1: Họ tên | B1: Kỹ thuật | C1: Công việc | D1: Trách nhiệm | E1: AI Agent
A2: ='Thành viên'!A2
A3: ='Thành viên'!A3
A4: ='Thành viên'!A4
A5: ='Thành viên'!A5
A6: ='Thành viên'!A6
A7: ='Thành viên'!A7
A8: ='Thành viên'!A8
A9: ='Thành viên'!A9
A10: ='Thành viên'!A10
A11: ='Thành viên'!A11
A12: ='Thành viên'!A12
A13: ='Thành viên'!A13
... A51: ='Thành viên'!A51

Sheet KPI Công việc
A1: Họ tên | B1: Đúng hạn (40%) | C1: Chất lượng (30%) | D1: Trách nhiệm (30%) | E1: Điểm Công việc
A2: ='Thành viên'!A2 | E2: =IF(COUNT(B2:D2)=0,"",B2*0.4+C2*0.3+D2*0.3)
A3: ='Thành viên'!A3 | E3: =IF(COUNT(B3:D3)=0,"",B3*0.4+C3*0.3+D3*0.3)
A4: ='Thành viên'!A4 | E4: =IF(COUNT(B4:D4)=0,"",B4*0.4+C4*0.3+D4*0.3)
A5: ='Thành viên'!A5 | E5: =IF(COUNT(B5:D5)=0,"",B5*0.4+C5*0.3+D5*0.3)
A6: ='Thành viên'!A6 | E6: =IF(COUNT(B6:D6)=0,"",B6*0.4+C6*0.3+D6*0.3)
A7: ='Thành viên'!A7 | E7: =IF(COUNT(B7:D7)=0,"",B7*0.4+C7*0.3+D7*0.3)
A8: ='Thành viên'!A8 | E8: =IF(COUNT(B8:D8)=0,"",B8*0.4+C8*0.3+D8*0.3)
A9: ='Thành viên'!A9 | E9: =IF(COUNT(B9:D9)=0,"",B9*0.4+C9*0.3+D9*0.3)
A10: ='Thành viên'!A10 | E10: =IF(COUNT(B10:D10)=0,"",B10*0.4+C10*0.3+D10*0.3)
A11: ='Thành viên'!A11 | E11: =IF(COUNT(B11:D11)=0,"",B11*0.4+C11*0.3+D11*0.3)
A12: ='Thành viên'!A12 | E12: =IF(COUNT(B12:D12)=0,"",B12*0.4+C12*0.3+D12*0.3)
A13: ='Thành viên'!A13 | E13: =IF(COUNT(B13:D13)=0,"",B13*0.4+C13*0.3+D13*0.3)
... A51: ='Thành viên'!A51 | E51: =IF(COUNT(B51:D51)=0,"",B51*0.4+C51*0.3+D51*0.3)

Sheet Điểm tổng
A1: Họ tên | B1: Điểm Năng lực | C1: Điểm Công việc | D1: Điểm P2+ Tổng
A2: ='Thành viên'!A2 | B2: =IF(COUNT('Tự đánh giá'!B2:E2)=0,"",AVERAGE('Tự đánh giá'!B2:E2)) | C2: ='KPI Công việc'!E2 | D2: =IF(AND(ISNUMBER(B2),ISNUMBER(C2)),B2*0.5+C2*0.5,"")
A3: ='Thành viên'!A3 | B3: =IF(COUNT('Tự đánh giá'!B3:E3)=0,"",AVERAGE('Tự đánh giá'!B3:E3)) | C3: ='KPI Công việc'!E3 | D3: =IF(AND(ISNUMBER(B3),ISNUMBER(C3)),B3*0.5+C3*0.5,"")
A4: ='Thành viên'!A4 | B4: =IF(COUNT('Tự đánh giá'!B4:E4)=0,"",AVERAGE('Tự đánh giá'!B4:E4)) | C4: ='KPI Công việc'!E4 | D4: =IF(AND(ISNUMBER(B4),ISNUMBER(C4)),B4*0.5+C4*0.5,"")
A5: ='Thành viên'!A5 | B5: =IF(COUNT('Tự đánh giá'!B5:E5)=0,"",AVERAGE('Tự đánh giá'!B5:E5)) | C5: ='KPI Công việc'!E5 | D5: =IF(AND(ISNUMBER(B5),ISNUMBER(C5)),B5*0.5+C5*0.5,"")
A6: ='Thành viên'!A6 | B6: =IF(COUNT('Tự đánh giá'!B6:E6)=0,"",AVERAGE('Tự đánh giá'!B6:E6)) | C6: ='KPI Công việc'!E6 | D6: =IF(AND(ISNUMBER(B6),ISNUMBER(C6)),B6*0.5+C6*0.5,"")
A7: ='Thành viên'!A7 | B7: =IF(COUNT('Tự đánh giá'!B7:E7)=0,"",AVERAGE('Tự đánh giá'!B7:E7)) | C7: ='KPI Công việc'!E7 | D7: =IF(AND(ISNUMBER(B7),ISNUMBER(C7)),B7*0.5+C7*0.5,"")
A8: ='Thành viên'!A8 | B8: =IF(COUNT('Tự đánh giá'!B8:E8)=0,"",AVERAGE('Tự đánh giá'!B8:E8)) | C8: ='KPI Công việc'!E8 | D8: =IF(AND(ISNUMBER(B8),ISNUMBER(C8)),B8*0.5+C8*0.5,"")
A9: ='Thành viên'!A9 | B9: =IF(COUNT('Tự đánh giá'!B9:E9)=0,"",AVERAGE('Tự đánh giá'!B9:E9)) | C9: ='KPI Công việc'!E9 | D9: =IF(AND(ISNUMBER(B9),ISNUMBER(C9)),B9*0.5+C9*0.5,"")
A10: ='Thành viên'!A10 | B10: =IF(COUNT('Tự đánh giá'!B10:E10)=0,"",AVERAGE('Tự đánh giá'!B10:E10)) | C10: ='KPI Công việc'!E10 | D10: =IF(AND(ISNUMBER(B10),ISNUMBER(C10)),B10*0.5+C10*0.5,"")
A11: ='Thành viên'!A11 | B11: =IF(COUNT('Tự đánh giá'!B11:E11)=0,"",AVERAGE('Tự đánh giá'!B11:E11)) | C11: ='KPI Công việc'!E11 | D11: =IF(AND(ISNUMBER(B11),ISNUMBER(C11)),B11*0.5+C11*0.5,"")
A12: ='Thành viên'!A12 | B12: =IF(COUNT('Tự đánh giá'!B12:E12)=0,"",AVERAGE('Tự đánh giá'!B12:E12)) | C12: ='KPI Công việc'!E12 | D12: =IF(AND(ISNUMBER(B12),ISNUMBER(C12)),B12*0.5+C12*0.5,"")
A13: ='Thành viên'!A13 | B13: =IF(COUNT('Tự đánh giá'!B13:E13)=0,"",AVERAGE('Tự đánh giá'!B13:E13)) | C13: ='KPI Công việc'!E13 | D13: =IF(AND(ISNUMBER(B13),ISNUMBER(C13)),B13*0.5+C13*0.5,"")
... A51: ='Thành viên'!A51 | B51: =IF(COUNT('Tự đánh giá'!B51:E51)=0,"",AVERAGE('Tự đánh giá'!B51:E51)) | C51: ='KPI Công việc'!E51 | D51: =IF(AND(ISNUMBER(B51),ISNUMBER(C51)),B51*0.5+C51*0.5,"")

Sheet Tổng quan
A1: Tổng quan đánh giá P2+ - Bộ phận Công nghệ
A3: Số lượng theo mức
A4: L1 | B4: =COUNTIF('Thành viên'!C2:C51,"L1")
A5: L2 | B5: =COUNTIF('Thành viên'!C2:C51,"L2")
A6: L3 | B6: =COUNTIF('Thành viên'!C2:C51,"L3")
A8: Điểm trung bình phòng ban
A9: =IFERROR(IF(COUNT('Điểm tổng'!D2:D51)=0,"",AVERAGE('Điểm tổng'!D2:D51)),"")
A12: Xuất sắc (điểm P2+ >= 2.5)
A13: Họ tên | B13: Điểm P2+ Tổng
A14: =IFERROR(IF(AND(ISNUMBER('Điểm tổng'!D2),'Điểm tổng'!D2>=2.5),'Điểm tổng'!A2,""),"") | B14: =IFERROR(IF(AND(ISNUMBER('Điểm tổng'!D2),'Điểm tổng'!D2>=2.5),'Điểm tổng'!D2,""),"")
A15: =IFERROR(IF(AND(ISNUMBER('Điểm tổng'!D3),'Điểm tổng'!D3>=2.5),'Điểm tổng'!A3,""),"") | B15: =IFERROR(IF(AND(ISNUMBER('Điểm tổng'!D3),'Điểm tổng'!D3>=2.5),'Điểm tổng'!D3,""),"")
A16: =IFERROR(IF(AND(ISNUMBER('Điểm tổng'!D4),'Điểm tổng'!D4>=2.5),'Điểm tổng'!A4,""),"") | B16: =IFERROR(IF(AND(ISNUMBER('Điểm tổng'!D4),'Điểm tổng'!D4>=2.5),'Điểm tổng'!D4,""),"")
A17: =IFERROR(IF(AND(ISNUMBER('Điểm tổng'!D5),'Điểm tổng'!D5>=2.5),'Điểm tổng'!A5,""),"") | B17: =IFERROR(IF(AND(ISNUMBER('Điểm tổng'!D5),'Điểm tổng'!D5>=2.5),'Điểm tổng'!D5,""),"")
A18: =IFERROR(IF(AND(ISNUMBER('Điểm tổng'!D6),'Điểm tổng'!D6>=2.5),'Điểm tổng'!A6,""),"") | B18: =IFERROR(IF(AND(ISNUMBER('Điểm tổng'!D6),'Điểm tổng'!D6>=2.5),'Điểm tổng'!D6,""),"")
A19: =IFERROR(IF(AND(ISNUMBER('Điểm tổng'!D7),'Điểm tổng'!D7>=2.5),'Điểm tổng'!A7,""),"") | B19: =IFERROR(IF(AND(ISNUMBER('Điểm tổng'!D7),'Điểm tổng'!D7>=2.5),'Điểm tổng'!D7,""),"")
A20: =IFERROR(IF(AND(ISNUMBER('Điểm tổng'!D8),'Điểm tổng'!D8>=2.5),'Điểm tổng'!A8,""),"") | B20: =IFERROR(IF(AND(ISNUMBER('Điểm tổng'!D8),'Điểm tổng'!D8>=2.5),'Điểm tổng'!D8,""),"")
A21: =IFERROR(IF(AND(ISNUMBER('Điểm tổng'!D9),'Điểm tổng'!D9>=2.5),'Điểm tổng'!A9,""),"") | B21: =IFERROR(IF(AND(ISNUMBER('Điểm tổng'!D9),'Điểm tổng'!D9>=2.5),'Điểm tổng'!D9,""),"")
A22: =IFERROR(IF(AND(ISNUMBER('Điểm tổng'!D10),'Điểm tổng'!D10>=2.5),'Điểm tổng'!A10,""),"") | B22: =IFERROR(IF(AND(ISNUMBER('Điểm tổng'!D10),'Điểm tổng'!D10>=2.5),'Điểm tổng'!D10,""),"")
A23: =IFERROR(IF(AND(ISNUMBER('Điểm tổng'!D11),'Điểm tổng'!D11>=2.5),'Điểm tổng'!A11,""),"") | B23: =IFERROR(IF(AND(ISNUMBER('Điểm tổng'!D11),'Điểm tổng'!D11>=2.5),'Điểm tổng'!D11,""),"")
A24: =IFERROR(IF(AND(ISNUMBER('Điểm tổng'!D12),'Điểm tổng'!D12>=2.5),'Điểm tổng'!A12,""),"") | B24: =IFERROR(IF(AND(ISNUMBER('Điểm tổng'!D12),'Điểm tổng'!D12>=2.5),'Điểm tổng'!D12,""),"")
A25: =IFERROR(IF(AND(ISNUMBER('Điểm tổng'!D13),'Điểm tổng'!D13>=2.5),'Điểm tổng'!A13,""),"") | B25: =IFERROR(IF(AND(ISNUMBER('Điểm tổng'!D13),'Điểm tổng'!D13>=2.5),'Điểm tổng'!D13,""),"")
... A63: =IFERROR(IF(AND(ISNUMBER('Điểm tổng'!D51),'Điểm tổng'!D51>=2.5),'Điểm tổng'!A51,""),"") | B63: =IFERROR(IF(AND(ISNUMBER('Điểm tổng'!D51),'Điểm tổng'!D51>=2.5),'Điểm tổng'!D51,""),"")
A66: Cần cải thiện (điểm P2+ < 2.0)
A67: Họ tên | B67: Điểm P2+ Tổng
A68: =IFERROR(IF(AND(ISNUMBER('Điểm tổng'!D2),'Điểm tổng'!D2<2),'Điểm tổng'!A2,""),"") | B68: =IFERROR(IF(AND(ISNUMBER('Điểm tổng'!D2),'Điểm tổng'!D2<2),'Điểm tổng'!D2,""),"")
A69: =IFERROR(IF(AND(ISNUMBER('Điểm tổng'!D3),'Điểm tổng'!D3<2),'Điểm tổng'!A3,""),"") | B69: =IFERROR(IF(AND(ISNUMBER('Điểm tổng'!D3),'Điểm tổng'!D3<2),'Điểm tổng'!D3,""),"")
A70: =IFERROR(IF(AND(ISNUMBER('Điểm tổng'!D4),'Điểm tổng'!D4<2),'Điểm tổng'!A4,""),"") | B70: =IFERROR(IF(AND(ISNUMBER('Điểm tổng'!D4),'Điểm tổng'!D4<2),'Điểm tổng'!D4,""),"")
A71: =IFERROR(IF(AND(ISNUMBER('Điểm tổng'!D5),'Điểm tổng'!D5<2),'Điểm tổng'!A5,""),"") | B71: =IFERROR(IF(AND(ISNUMBER('Điểm tổng'!D5),'Điểm tổng'!D5<2),'Điểm tổng'!D5,""),"")
A72: =IFERROR(IF(AND(ISNUMBER('Điểm tổng'!D6),'Điểm tổng'!D6<2),'Điểm tổng'!A6,""),"") | B72: =IFERROR(IF(AND(ISNUMBER('Điểm tổng'!D6),'Điểm tổng'!D6<2),'Điểm tổng'!D6,""),"")
A73: =IFERROR(IF(AND(ISNUMBER('Điểm tổng'!D7),'Điểm tổng'!D7<2),'Điểm tổng'!A7,""),"") | B73: =IFERROR(IF(AND(ISNUMBER('Điểm tổng'!D7),'Điểm tổng'!D7<2),'Điểm tổng'!D7,""),"")
A74: =IFERROR(IF(AND(ISNUMBER('Điểm tổng'!D8),'Điểm tổng'!D8<2),'Điểm tổng'!A8,""),"") | B74: =IFERROR(IF(AND(ISNUMBER('Điểm tổng'!D8),'Điểm tổng'!D8<2),'Điểm tổng'!D8,""),"")
A75: =IFERROR(IF(AND(ISNUMBER('Điểm tổng'!D9),'Điểm tổng'!D9<2),'Điểm tổng'!A9,""),"") | B75: =IFERROR(IF(AND(ISNUMBER('Điểm tổng'!D9),'Điểm tổng'!D9<2),'Điểm tổng'!D9,""),"")
A76: =IFERROR(IF(AND(ISNUMBER('Điểm tổng'!D10),'Điểm tổng'!D10<2),'Điểm tổng'!A10,""),"") | B76: =IFERROR(IF(AND(ISNUMBER('Điểm tổng'!D10),'Điểm tổng'!D10<2),'Điểm tổng'!D10,""),"")
A77: =IFERROR(IF(AND(ISNUMBER('Điểm tổng'!D11),'Điểm tổng'!D11<2),'Điểm tổng'!A11,""),"") | B77: =IFERROR(IF(AND(ISNUMBER('Điểm tổng'!D11),'Điểm tổng'!D11<2),'Điểm tổng'!D11,""),"")
A78: =IFERROR(IF(AND(ISNUMBER('Điểm tổng'!D12),'Điểm tổng'!D12<2),'Điểm tổng'!A12,""),"") | B78: =IFERROR(IF(AND(ISNUMBER('Điểm tổng'!D12),'Điểm tổng'!D12<2),'Điểm tổng'!D12,""),"")
A79: =IFERROR(IF(AND(ISNUMBER('Điểm tổng'!D13),'Điểm tổng'!D13<2),'Điểm tổng'!A13,""),"") | B79: =IFERROR(IF(AND(ISNUMBER('Điểm tổng'!D13),'Điểm tổng'!D13<2),'Điểm tổng'!D13,""),"")
... A117: =IFERROR(IF(AND(ISNUMBER('Điểm tổng'!D51),'Điểm tổng'!D51<2),'Điểm tổng'!A51,""),"") | B117: =IFERROR(IF(AND(ISNUMBER('Điểm tổng'!D51),'Điểm tổng'!D51<2),'Điểm tổng'!D51,""),"")
