Workbook

Sheet Config_Role
A1: Role_Code | B1: Role_Name
A2: BE | B2: Backend Engineer
A3: FE | B3: Frontend Engineer
A4: DE | B4: Designer
A5: FS | B5: Fullstack Engineer

Sheet Config_Weight
A1: Role_Code | B1: Core_Skill_% | C1: Delivery_% | D1: DevOps_% | E1: AI_Agent_% | F1: Total_%
A2: BE | B2: 35 | C2: 25 | D2: 20 | E2: 20 | F2: =SUM(B2:E2) -> 100
A3: FE | B3: 30 | C3: 25 | D3: 20 | E3: 25 | F3: =SUM(B3:E3) -> 100
A4: DE | B4: 40 | C4: 25 | D4: 15 | E4: 20 | F4: =SUM(B4:E4) -> 100
A5: FS | B5: 32 | C5: 25 | D5: 20 | E5: 23 | F5: =SUM(B5:E5) -> 100

Sheet Tiêu chí
A1: Role_Code | B1: Category | C1: Level | D1: Description
A2: BE | B2: Core_Skill | C2: 1 | D2: Cần hướng dẫn để triển khai API endpoints cơ bản; lỗi thường xuyên; hiểu hạn chế về data flow.
A3: BE | B3: Delivery | C3: 1 | D3: Hay trễ cam kết; cập nhật không rõ; công việc cần đôn đốc mới xong.
A4: BE | B4: DevOps | C4: 1 | D4: Không chạy/build/deploy được nếu không có hỗ trợ; ít ý thức về tác động logs/ops.
A5: BE | B5: AI_Agent | C5: 1 | D5: Ít dùng AI hoặc dùng không an toàn; output không review; gây regression.
A6: BE | B6: Core_Skill | C6: 2 | D6: Triển khai API đơn giản với hướng dẫn; hiểu DB queries cơ bản; sửa bug đơn giản.
A7: BE | B7: Delivery | C7: 2 | D7: Giao việc nhỏ nhưng cần hỗ trợ lên kế hoạch/tách task; cập nhật status khi được hỏi.
A8: BE | B8: DevOps | C8: 2 | D8: Chạy local & làm theo bước deploy với hướng dẫn; logging tối thiểu.
A9: BE | B9: AI_Agent | C9: 2 | D9: Dùng AI cho đoạn code nhỏ với hướng dẫn; review output; workflow không ổn định.
A10: BE | B10: Core_Skill | C10: 3 | D10: Tự triển khai tính năng (API + DB); code dễ đọc; tests cơ bản; xử lý edge cases.
A11: BE | B11: Delivery | C11: 3 | D11: Bàn giao ổn định; tách công việc thành tickets; chịu trách nhiệm bug đến khi đóng; báo risk sớm.
A12: BE | B12: DevOps | C12: 3 | D12: Dùng CI/CD; hiểu env/secrets; logging/error tracking; tham gia oncall/bugfix.
A13: BE | B13: AI_Agent | C13: 3 | D13: Dùng AI Agent cho scaffolding/refactor/tests/debug; prompt hygiene; review cẩn thận.
... A81: FS | B81: AI_Agent | C81: 5 | D81: Dẫn AI engineering; đào tạo team; tự động hóa công việc end-to-end an toàn có governance.

Sheet P2_Input
A1: Emp_ID | B1: Name | C1: Role_Code | D1: Core (1-5) | E1: Delivery (1-5) | F1: DevOps (1-5) | G1: AI Agent (1-5) | H1: Has_Incident | I1: Miss_Delivery | J1: Bằng chứng (link/file) | K1: Note | L1: Primary_Role | M1: Secondary_Role | N1: Secondary_Core (1-5) | O1: Secondary_Delivery (1-5)
A2: E001 | B2: Nguyen Van A | C2: BE | D2: 4 | E2: 3 | F2: 3 | G2: 4 | H2: No | I2: No | J2: https://example.com/mr/123 | K2: Ví dụ | L2: BE
A3: E002 | B3: Tran Thi B | C3: DE | D3: 4 | E3: 4 | F3: 3 | G3: 4 | H3: No | I3: No | J3: https://example.com/figma/xyz | K3: Ví dụ | L3: DE

Sheet P2_Calc
A1: Emp_ID | B1: Name | C1: Role_Code | D1: Core | E1: Delivery | F1: DevOps | G1: AI | H1: Core_W% | I1: Delivery_W% | J1: DevOps_W% | K1: AI_W% | L1: Core_P | M1: Delivery_P | N1: DevOps_P | O1: AI_P | P1: P2_Total | Q1: CAP_3.2 | R1: DOWN_1_LEVEL | S1: P2_Final | T1: Level_Pre | U1: Level_Final | V1: Primary_Role | W1: Secondary_Role | X1: P2_Primary | Y1: P2_Secondary
A2: =P2_Input!A2 -> E001 | B2: =P2_Input!B2 -> Nguyen Van A | C2: =P2_Input!C2 -> BE | D2: =P2_Input!D2 -> 4 | E2: =P2_Input!E2 -> 3 | F2: =P2_Input!F2 -> 3 | G2: =P2_Input!G2 -> 4 | H2: =IF($V2="","",INDEX(Config_Weight!$B$2:$B$5,MATCH($V2,Config_Weight!$A$2:$A$5,0))) -> 35 | I2: =IF($V2="","",INDEX(Config_Weight!$C$2:$C$5,MATCH($V2,Config_Weight!$A$2:$A$5,0))) -> 25 | J2: =IF($V2="","",INDEX(Config_Weight!$D$2:$D$5,MATCH($V2,Config_Weight!$A$2:$A$5,0))) -> 20 | K2: =IF($V2="","",INDEX(Config_Weight!$E$2:$E$5,MATCH($V2,Config_Weight!$A$2:$A$5,0))) -> 20 | L2: =IF($A2="","",$D2*$H2/100) -> 1.4 | M2: =IF($A2="","",$E2*$I2/100) -> 0.75 | N2: =IF($A2="","",$F2*$J2/100) -> 0.6 | O2: =IF($A2="","",$G2*$K2/100) -> 0.8 | P2: =IF($A2="","",SUM($L2:$O2)) -> 3.55 | Q2: =IF($A2="","",IF(OR($F2<3,$G2<3),1,0)) -> 0 | R2: =IF($A2="","",IF(OR(P2_Input!H2="Yes",P2_Input!I2="Yes"),1,0)) -> 0 | S2: =IF($A2="","",IF($W2="",$X2,$X2*0.7+$Y2*0.3)) -> #N/A | T2: =IF($A2="","",IF($S2<2.5,"D",IF($S2<3.3,"C",IF($S2<3.9,"B","A")))) -> #N/A | U2: =IF($A2="","",IF($R2=0,$T2,IF($T2="A","B",IF($T2="B","C",IF($T2="C","D","D"))))) -> #N/A | V2: =P2_Input!L2 -> BE | W2: =P2_Input!M2 -> 0 | X2: =IF($A2="","",IF($Q2=1,MIN($P2,3.2),$P2)) -> 3.55 | Y2: =IF(OR($A2="",$W2=""),"",((P2_Input!N2*INDEX(Config_Weight!$B$2:$B$5,MATCH($W2,Config_Weight!$A$2:$A$5,0))/100)+(P2_Input!O2*INDEX(Config_Weight!$C$2:$C$5,MATCH($W2,Config_Weight!$A$2:$A$5,0))/100))/((INDEX(Config_Weight!$B$2:$B$5,MATCH($W2,Config_Weight!$A$2:$A$5,0))+INDEX(Config_Weight!$C$2:$C$5,MATCH($W2,Config_Weight!$A$2:$A$5,0)))/100)) -> #N/A
A3: =P2_Input!A3 -> E002 | B3: =P2_Input!B3 -> Tran Thi B | C3: =P2_Input!C3 -> DE | D3: =P2_Input!D3 -> 4 | E3: =P2_Input!E3 -> 4 | F3: =P2_Input!F3 -> 3 | G3: =P2_Input!G3 -> 4 | H3: =IF($V3="","",INDEX(Config_Weight!$B$2:$B$5,MATCH($V3,Config_Weight!$A$2:$A$5,0))) -> 40 | I3: =IF($V3="","",INDEX(Config_Weight!$C$2:$C$5,MATCH($V3,Config_Weight!$A$2:$A$5,0))) -> 25 | J3: =IF($V3="","",INDEX(Config_Weight!$D$2:$D$5,MATCH($V3,Config_Weight!$A$2:$A$5,0))) -> 15 | K3: =IF($V3="","",INDEX(Config_Weight!$E$2:$E$5,MATCH($V3,Config_Weight!$A$2:$A$5,0))) -> 20 | L3: =IF($A3="","",$D3*$H3/100) -> 1.6 | M3: =IF($A3="","",$E3*$I3/100) -> 1 | N3: =IF($A3="","",$F3*$J3/100) -> 0.45 | O3: =IF($A3="","",$G3*$K3/100) -> 0.8 | P3: =IF($A3="","",SUM($L3:$O3)) -> 3.85 | Q3: =IF($A3="","",IF(OR($F3<3,$G3<3),1,0)) -> 0 | R3: =IF($A3="","",IF(OR(P2_Input!H3="Yes",P2_Input!I3="Yes"),1,0)) -> 0 | S3: =IF($A3="","",IF($W3="",$X3,$X3*0.7+$Y3*0.3)) -> #N/A | T3: =IF($A3="","",IF($S3<2.5,"D",IF($S3<3.3,"C",IF($S3<3.9,"B","A")))) -> #N/A | U3: =IF($A3="","",IF($R3=0,$T3,IF($T3="A","B",IF($T3="B","C",IF($T3="C","D","D"))))) -> #N/A | V3: =P2_Input!L3 -> DE | W3: =P2_Input!M3 -> 0 | X3: =IF($A3="","",IF($Q3=1,MIN($P3,3.2),$P3)) -> 3.85 | Y3: =IF(OR($A3="",$W3=""),"",((P2_Input!N3*INDEX(Config_Weight!$B$2:$B$5,MATCH($W3,Config_Weight!$A$2:$A$5,0))/100)+(P2_Input!O3*INDEX(Config_Weight!$C$2:$C$5,MATCH($W3,Config_Weight!$A$2:$A$5,0))/100))/((INDEX(Config_Weight!$B$2:$B$5,MATCH($W3,Config_Weight!$A$2:$A$5,0))+INDEX(Config_Weight!$C$2:$C$5,MATCH($W3,Config_Weight!$A$2:$A$5,0)))/100)) -> #N/A
A4: =P2_Input!A4 -> 0 | B4: =P2_Input!B4 -> 0 | C4: =P2_Input!C4 -> 0 | D4: =P2_Input!D4 -> 0 | E4: =P2_Input!E4 -> 0 | F4: =P2_Input!F4 -> 0 | G4: =P2_Input!G4 -> 0 | H4: =IF($V4="","",INDEX(Config_Weight!$B$2:$B$5,MATCH($V4,Config_Weight!$A$2:$A$5,0))) -> #N/A | I4: =IF($V4="","",INDEX(Config_Weight!$C$2:$C$5,MATCH($V4,Config_Weight!$A$2:$A$5,0))) -> #N/A | J4: =IF($V4="","",INDEX(Config_Weight!$D$2:$D$5,MATCH($V4,Config_Weight!$A$2:$A$5,0))) -> #N/A | K4: =IF($V4="","",INDEX(Config_Weight!$E$2:$E$5,MATCH($V4,Config_Weight!$A$2:$A$5,0))) -> #N/A | L4: =IF($A4="","",$D4*$H4/100) -> #N/A | M4: =IF($A4="","",$E4*$I4/100) -> #N/A | N4: =IF($A4="","",$F4*$J4/100) -> #N/A | O4: =IF($A4="","",$G4*$K4/100) -> #N/A | P4: =IF($A4="","",SUM($L4:$O4)) -> #N/A | Q4: =IF($A4="","",IF(OR($F4<3,$G4<3),1,0)) -> 1 | R4: =IF($A4="","",IF(OR(P2_Input!H4="Yes",P2_Input!I4="Yes"),1,0)) -> 0 | S4: =IF($A4="","",IF($W4="",$X4,$X4*0.7+$Y4*0.3)) -> #N/A | T4: =IF($A4="","",IF($S4<2.5,"D",IF($S4<3.3,"C",IF($S4<3.9,"B","A")))) -> #N/A | U4: =IF($A4="","",IF($R4=0,$T4,IF($T4="A","B",IF($T4="B","C",IF($T4="C","D","D"))))) -> #N/A | V4: =P2_Input!L4 -> 0 | W4: =P2_Input!M4 -> 0 | X4: =IF($A4="","",IF($Q4=1,MIN($P4,3.2),$P4)) -> #N/A | Y4: =IF(OR($A4="",$W4=""),"",((P2_Input!N4*INDEX(Config_Weight!$B$2:$B$5,MATCH($W4,Config_Weight!$A$2:$A$5,0))/100)+(P2_Input!O4*INDEX(Config_Weight!$C$2:$C$5,MATCH($W4,Config_Weight!$A$2:$A$5,0))/100))/((INDEX(Config_Weight!$B$2:$B$5,MATCH($W4,Config_Weight!$A$2:$A$5,0))+INDEX(Config_Weight!$C$2:$C$5,MATCH($W4,Config_Weight!$A$2:$A$5,0)))/100)) -> #N/A
A5: =P2_Input!A5 -> 0 | B5: =P2_Input!B5 -> 0 | C5: =P2_Input!C5 -> 0 | D5: =P2_Input!D5 -> 0 | E5: =P2_Input!E5 -> 0 | F5: =P2_Input!F5 -> 0 | G5: =P2_Input!G5 -> 0 | H5: =IF($V5="","",INDEX(Config_Weight!$B$2:$B$5,MATCH($V5,Config_Weight!$A$2:$A$5,0))) -> #N/A | I5: =IF($V5="","",INDEX(Config_Weight!$C$2:$C$5,MATCH($V5,Config_Weight!$A$2:$A$5,0))) -> #N/A | J5: =IF($V5="","",INDEX(Config_Weight!$D$2:$D$5,MATCH($V5,Config_Weight!$A$2:$A$5,0))) -> #N/A | K5: =IF($V5="","",INDEX(Config_Weight!$E$2:$E$5,MATCH($V5,Config_Weight!$A$2:$A$5,0))) -> #N/A | L5: =IF($A5="","",$D5*$H5/100) -> #N/A | M5: =IF($A5="","",$E5*$I5/100) -> #N/A | N5: =IF($A5="","",$F5*$J5/100) -> #N/A | O5: =IF($A5="","",$G5*$K5/100) -> #N/A | P5: =IF($A5="","",SUM($L5:$O5)) -> #N/A | Q5: =IF($A5="","",IF(OR($F5<3,$G5<3),1,0)) -> 1 | R5: =IF($A5="","",IF(OR(P2_Input!H5="Yes",P2_Input!I5="Yes"),1,0)) -> 0 | S5: =IF($A5="","",IF($W5="",$X5,$X5*0.7+$Y5*0.3)) -> #N/A | T5: =IF($A5="","",IF($S5<2.5,"D",IF($S5<3.3,"C",IF($S5<3.9,"B","A")))) -> #N/A | U5: =IF($A5="","",IF($R5=0,$T5,IF($T5="A","B",IF($T5="B","C",IF($T5="C","D","D"))))) -> #N/A | V5: =P2_Input!L5 -> 0 | W5: =P2_Input!M5 -> 0 | X5: =IF($A5="","",IF($Q5=1,MIN($P5,3.2),$P5)) -> #N/A | Y5: =IF(OR($A5="",$W5=""),"",((P2_Input!N5*INDEX(Config_Weight!$B$2:$B$5,MATCH($W5,Config_Weight!$A$2:$A$5,0))/100)+(P2_Input!O5*INDEX(Config_Weight!$C$2:$C$5,MATCH($W5,Config_Weight!$A$2:$A$5,0))/100))/((INDEX(Config_Weight!$B$2:$B$5,MATCH($W5,Config_Weight!$A$2:$A$5,0))+INDEX(Config_Weight!$C$2:$C$5,MATCH($W5,Config_Weight!$A$2:$A$5,0)))/100)) -> #N/A
A6: =P2_Input!A6 -> 0 | B6: =P2_Input!B6 -> 0 | C6: =P2_Input!C6 -> 0 | D6: =P2_Input!D6 -> 0 | E6: =P2_Input!E6 -> 0 | F6: =P2_Input!F6 -> 0 | G6: =P2_Input!G6 -> 0 | H6: =IF($V6="","",INDEX(Config_Weight!$B$2:$B$5,MATCH($V6,Config_Weight!$A$2:$A$5,0))) -> #N/A | I6: =IF($V6="","",INDEX(Config_Weight!$C$2:$C$5,MATCH($V6,Config_Weight!$A$2:$A$5,0))) -> #N/A | J6: =IF($V6="","",INDEX(Config_Weight!$D$2:$D$5,MATCH($V6,Config_Weight!$A$2:$A$5,0))) -> #N/A | K6: =IF($V6="","",INDEX(Config_Weight!$E$2:$E$5,MATCH($V6,Config_Weight!$A$2:$A$5,0))) -> #N/A | L6: =IF($A6="","",$D6*$H6/100) -> #N/A | M6: =IF($A6="","",$E6*$I6/100) -> #N/A | N6: =IF($A6="","",$F6*$J6/100) -> #N/A | O6: =IF($A6="","",$G6*$K6/100) -> #N/A | P6: =IF($A6="","",SUM($L6:$O6)) -> #N/A | Q6: =IF($A6="","",IF(OR($F6<3,$G6<3),1,0)) -> 1 | R6: =IF($A6="","",IF(OR(P2_Input!H6="Yes",P2_Input!I6="Yes"),1,0)) -> 0 | S6: =IF($A6="","",IF($W6="",$X6,$X6*0.7+$Y6*0.3)) -> #N/A | T6: =IF($A6="","",IF($S6<2.5,"D",IF($S6<3.3,"C",IF($S6<3.9,"B","A")))) -> #N/A | U6: =IF($A6="","",IF($R6=0,$T6,IF($T6="A","B",IF($T6="B","C",IF($T6="C","D","D"))))) -> #N/A | V6: =P2_Input!L6 -> 0 | W6: =P2_Input!M6 -> 0 | X6: =IF($A6="","",IF($Q6=1,MIN($P6,3.2),$P6)) -> #N/A | Y6: =IF(OR($A6="",$W6=""),"",((P2_Input!N6*INDEX(Config_Weight!$B$2:$B$5,MATCH($W6,Config_Weight!$A$2:$A$5,0))/100)+(P2_Input!O6*INDEX(Config_Weight!$C$2:$C$5,MATCH($W6,Config_Weight!$A$2:$A$5,0))/100))/((INDEX(Config_Weight!$B$2:$B$5,MATCH($W6,Config_Weight!$A$2:$A$5,0))+INDEX(Config_Weight!$C$2:$C$5,MATCH($W6,Config_Weight!$A$2:$A$5,0)))/100)) -> #N/A
A7: =P2_Input!A7 -> 0 | B7: =P2_Input!B7 -> 0 | C7: =P2_Input!C7 -> 0 | D7: =P2_Input!D7 -> 0 | E7: =P2_Input!E7 -> 0 | F7: =P2_Input!F7 -> 0 | G7: =P2_Input!G7 -> 0 | H7: =IF($V7="","",INDEX(Config_Weight!$B$2:$B$5,MATCH($V7,Config_Weight!$A$2:$A$5,0))) -> #N/A | I7: =IF($V7="","",INDEX(Config_Weight!$C$2:$C$5,MATCH($V7,Config_Weight!$A$2:$A$5,0))) -> #N/A | J7: =IF($V7="","",INDEX(Config_Weight!$D$2:$D$5,MATCH($V7,Config_Weight!$A$2:$A$5,0))) -> #N/A | K7: =IF($V7="","",INDEX(Config_Weight!$E$2:$E$5,MATCH($V7,Config_Weight!$A$2:$A$5,0))) -> #N/A | L7: =IF($A7="","",$D7*$H7/100) -> #N/A | M7: =IF($A7="","",$E7*$I7/100) -> #N/A | N7: =IF($A7="","",$F7*$J7/100) -> #N/A | O7: =IF($A7="","",$G7*$K7/100) -> #N/A | P7: =IF($A7="","",SUM($L7:$O7)) -> #N/A | Q7: =IF($A7="","",IF(OR($F7<3,$G7<3),1,0)) -> 1 | R7: =IF($A7="","",IF(OR(P2_Input!H7="Yes",P2_Input!I7="Yes"),1,0)) -> 0 | S7: =IF($A7="","",IF($W7="",$X7,$X7*0.7+$Y7*0.3)) -> #N/A | T7: =IF($A7="","",IF($S7<2.5,"D",IF($S7<3.3,"C",IF($S7<3.9,"B","A")))) -> #N/A | U7: =IF($A7="","",IF($R7=0,$T7,IF($T7="A","B",IF($T7="B","C",IF($T7="C","D","D"))))) -> #N/A | V7: =P2_Input!L7 -> 0 | W7: =P2_Input!M7 -> 0 | X7: =IF($A7="","",IF($Q7=1,MIN($P7,3.2),$P7)) -> #N/A | Y7: =IF(OR($A7="",$W7=""),"",((P2_Input!N7*INDEX(Config_Weight!$B$2:$B$5,MATCH($W7,Config_Weight!$A$2:$A$5,0))/100)+(P2_Input!O7*INDEX(Config_Weight!$C$2:$C$5,MATCH($W7,Config_Weight!$A$2:$A$5,0))/100))/((INDEX(Config_Weight!$B$2:$B$5,MATCH($W7,Config_Weight!$A$2:$A$5,0))+INDEX(Config_Weight!$C$2:$C$5,MATCH($W7,Config_Weight!$A$2:$A$5,0)))/100)) -> #N/A
A8: =P2_Input!A8 -> 0 | B8: =P2_Input!B8 -> 0 | C8: =P2_Input!C8 -> 0 | D8: =P2_Input!D8 -> 0 | E8: =P2_Input!E8 -> 0 | F8: =P2_Input!F8 -> 0 | G8: =P2_Input!G8 -> 0 | H8: =IF($V8="","",INDEX(Config_Weight!$B$2:$B$5,MATCH($V8,Config_Weight!$A$2:$A$5,0))) -> #N/A | I8: =IF($V8="","",INDEX(Config_Weight!$C$2:$C$5,MATCH($V8,Config_Weight!$A$2:$A$5,0))) -> #N/A | J8: =IF($V8="","",INDEX(Config_Weight!$D$2:$D$5,MATCH($V8,Config_Weight!$A$2:$A$5,0))) -> #N/A | K8: =IF($V8="","",INDEX(Config_Weight!$E$2:$E$5,MATCH($V8,Config_Weight!$A$2:$A$5,0))) -> #N/A | L8: =IF($A8="","",$D8*$H8/100) -> #N/A | M8: =IF($A8="","",$E8*$I8/100) -> #N/A | N8: =IF($A8="","",$F8*$J8/100) -> #N/A | O8: =IF($A8="","",$G8*$K8/100) -> #N/A | P8: =IF($A8="","",SUM($L8:$O8)) -> #N/A | Q8: =IF($A8="","",IF(OR($F8<3,$G8<3),1,0)) -> 1 | R8: =IF($A8="","",IF(OR(P2_Input!H8="Yes",P2_Input!I8="Yes"),1,0)) -> 0 | S8: =IF($A8="","",IF($W8="",$X8,$X8*0.7+$Y8*0.3)) -> #N/A | T8: =IF($A8="","",IF($S8<2.5,"D",IF($S8<3.3,"C",IF($S8<3.9,"B","A")))) -> #N/A | U8: =IF($A8="","",IF($R8=0,$T8,IF($T8="A","B",IF($T8="B","C",IF($T8="C","D","D"))))) -> #N/A | V8: =P2_Input!L8 -> 0 | W8: =P2_Input!M8 -> 0 | X8: =IF($A8="","",IF($Q8=1,MIN($P8,3.2),$P8)) -> #N/A | Y8: =IF(OR($A8="",$W8=""),"",((P2_Input!N8*INDEX(Config_Weight!$B$2:$B$5,MATCH($W8,Config_Weight!$A$2:$A$5,0))/100)+(P2_Input!O8*INDEX(Config_Weight!$C$2:$C$5,MATCH($W8,Config_Weight!$A$2:$A$5,0))/100))/((INDEX(Config_Weight!$B$2:$B$5,MATCH($W8,Config_Weight!$A$2:$A$5,0))+INDEX(Config_Weight!$C$2:$C$5,MATCH($W8,Config_Weight!$A$2:$A$5,0)))/100)) -> #N/A
A9: =P2_Input!A9 -> 0 | B9: =P2_Input!B9 -> 0 | C9: =P2_Input!C9 -> 0 | D9: =P2_Input!D9 -> 0 | E9: =P2_Input!E9 -> 0 | F9: =P2_Input!F9 -> 0 | G9: =P2_Input!G9 -> 0 | H9: =IF($V9="","",INDEX(Config_Weight!$B$2:$B$5,MATCH($V9,Config_Weight!$A$2:$A$5,0))) -> #N/A | I9: =IF($V9="","",INDEX(Config_Weight!$C$2:$C$5,MATCH($V9,Config_Weight!$A$2:$A$5,0))) -> #N/A | J9: =IF($V9="","",INDEX(Config_Weight!$D$2:$D$5,MATCH($V9,Config_Weight!$A$2:$A$5,0))) -> #N/A | K9: =IF($V9="","",INDEX(Config_Weight!$E$2:$E$5,MATCH($V9,Config_Weight!$A$2:$A$5,0))) -> #N/A | L9: =IF($A9="","",$D9*$H9/100) -> #N/A | M9: =IF($A9="","",$E9*$I9/100) -> #N/A | N9: =IF($A9="","",$F9*$J9/100) -> #N/A | O9: =IF($A9="","",$G9*$K9/100) -> #N/A | P9: =IF($A9="","",SUM($L9:$O9)) -> #N/A | Q9: =IF($A9="","",IF(OR($F9<3,$G9<3),1,0)) -> 1 | R9: =IF($A9="","",IF(OR(P2_Input!H9="Yes",P2_Input!I9="Yes"),1,0)) -> 0 | S9: =IF($A9="","",IF($W9="",$X9,$X9*0.7+$Y9*0.3)) -> #N/A | T9: =IF($A9="","",IF($S9<2.5,"D",IF($S9<3.3,"C",IF($S9<3.9,"B","A")))) -> #N/A | U9: =IF($A9="","",IF($R9=0,$T9,IF($T9="A","B",IF($T9="B","C",IF($T9="C","D","D"))))) -> #N/A | V9: =P2_Input!L9 -> 0 | W9: =P2_Input!M9 -> 0 | X9: =IF($A9="","",IF($Q9=1,MIN($P9,3.2),$P9)) -> #N/A | Y9: =IF(OR($A9="",$W9=""),"",((P2_Input!N9*INDEX(Config_Weight!$B$2:$B$5,MATCH($W9,Config_Weight!$A$2:$A$5,0))/100)+(P2_Input!O9*INDEX(Config_Weight!$C$2:$C$5,MATCH($W9,Config_Weight!$A$2:$A$5,0))/100))/((INDEX(Config_Weight!$B$2:$B$5,MATCH($W9,Config_Weight!$A$2:$A$5,0))+INDEX(Config_Weight!$C$2:$C$5,MATCH($W9,Config_Weight!$A$2:$A$5,0)))/100)) -> #N/A
A10: =P2_Input!A10 -> 0 | B10: =P2_Input!B10 -> 0 | C10: =P2_Input!C10 -> 0 | D10: =P2_Input!D10 -> 0 | E10: =P2_Input!E10 -> 0 | F10: =P2_Input!F10 -> 0 | G10: =P2_Input!G10 -> 0 | H10: =IF($V10="","",INDEX(Config_Weight!$B$2:$B$5,MATCH($V10,Config_Weight!$A$2:$A$5,0))) -> #N/A | I10: =IF($V10="","",INDEX(Config_Weight!$C$2:$C$5,MATCH($V10,Config_Weight!$A$2:$A$5,0))) -> #N/A | J10: =IF($V10="","",INDEX(Config_Weight!$D$2:$D$5,MATCH($V10,Config_Weight!$A$2:$A$5,0))) -> #N/A | K10: =IF($V10="","",INDEX(Config_Weight!$E$2:$E$5,MATCH($V10,Config_Weight!$A$2:$A$5,0))) -> #N/A | L10: =IF($A10="","",$D10*$H10/100) -> #N/A | M10: =IF($A10="","",$E10*$I10/100) -> #N/A | N10: =IF($A10="","",$F10*$J10/100) -> #N/A | O10: =IF($A10="","",$G10*$K10/100) -> #N/A | P10: =IF($A10="","",SUM($L10:$O10)) -> #N/A | Q10: =IF($A10="","",IF(OR($F10<3,$G10<3),1,0)) -> 1 | R10: =IF($A10="","",IF(OR(P2_Input!H10="Yes",P2_Input!I10="Yes"),1,0)) -> 0 | S10: =IF($A10="","",IF($W10="",$X10,$X10*0.7+$Y10*0.3)) -> #N/A | T10: =IF($A10="","",IF($S10<2.5,"D",IF($S10<3.3,"C",IF($S10<3.9,"B","A")))) -> #N/A | U10: =IF($A10="","",IF($R10=0,$T10,IF($T10="A","B",IF($T10="B","C",IF($T10="C","D","D"))))) -> #N/A | V10: =P2_Input!L10 -> 0 | W10: =P2_Input!M10 -> 0 | X10: =IF($A10="","",IF($Q10=1,MIN($P10,3.2),$P10)) -> #N/A | Y10: =IF(OR($A10="",$W10=""),"",((P2_Input!N10*INDEX(Config_Weight!$B$2:$B$5,MATCH($W10,Config_Weight!$A$2:$A$5,0))/100)+(P2_Input!O10*INDEX(Config_Weight!$C$2:$C$5,MATCH($W10,Config_Weight!$A$2:$A$5,0))/100))/((INDEX(Config_Weight!$B$2:$B$5,MATCH($W10,Config_Weight!$A$2:$A$5,0))+INDEX(Config_Weight!$C$2:$C$5,MATCH($W10,Config_Weight!$A$2:$A$5,0)))/100)) -> #N/A
A11: =P2_Input!A11 -> 0 | B11: =P2_Input!B11 -> 0 | C11: =P2_Input!C11 -> 0 | D11: =P2_Input!D11 -> 0 | E11: =P2_Input!E11 -> 0 | F11: =P2_Input!F11 -> 0 | G11: =P2_Input!G11 -> 0 | H11: =IF($V11="","",INDEX(Config_Weight!$B$2:$B$5,MATCH($V11,Config_Weight!$A$2:$A$5,0))) -> #N/A | I11: =IF($V11="","",INDEX(Config_Weight!$C$2:$C$5,MATCH($V11,Config_Weight!$A$2:$A$5,0))) -> #N/A | J11: =IF($V11="","",INDEX(Config_Weight!$D$2:$D$5,MATCH($V11,Config_Weight!$A$2:$A$5,0))) -> #N/A | K11: =IF($V11="","",INDEX(Config_Weight!$E$2:$E$5,MATCH($V11,Config_Weight!$A$2:$A$5,0))) -> #N/A | L11: =IF($A11="","",$D11*$H11/100) -> #N/A | M11: =IF($A11="","",$E11*$I11/100) -> #N/A | N11: =IF($A11="","",$F11*$J11/100) -> #N/A | O11: =IF($A11="","",$G11*$K11/100) -> #N/A | P11: =IF($A11="","",SUM($L11:$O11)) -> #N/A | Q11: =IF($A11="","",IF(OR($F11<3,$G11<3),1,0)) -> 1 | R11: =IF($A11="","",IF(OR(P2_Input!H11="Yes",P2_Input!I11="Yes"),1,0)) -> 0 | S11: =IF($A11="","",IF($W11="",$X11,$X11*0.7+$Y11*0.3)) -> #N/A | T11: =IF($A11="","",IF($S11<2.5,"D",IF($S11<3.3,"C",IF($S11<3.9,"B","A")))) -> #N/A | U11: =IF($A11="","",IF($R11=0,$T11,IF($T11="A","B",IF($T11="B","C",IF($T11="C","D","D"))))) -> #N/A | V11: =P2_Input!L11 -> 0 | W11: =P2_Input!M11 -> 0 | X11: =IF($A11="","",IF($Q11=1,MIN($P11,3.2),$P11)) -> #N/A | Y11: =IF(OR($A11="",$W11=""),"",((P2_Input!N11*INDEX(Config_Weight!$B$2:$B$5,MATCH($W11,Config_Weight!$A$2:$A$5,0))/100)+(P2_Input!O11*INDEX(Config_Weight!$C$2:$C$5,MATCH($W11,Config_Weight!$A$2:$A$5,0))/100))/((INDEX(Config_Weight!$B$2:$B$5,MATCH($W11,Config_Weight!$A$2:$A$5,0))+INDEX(Config_Weight!$C$2:$C$5,MATCH($W11,Config_Weight!$A$2:$A$5,0)))/100)) -> #N/A
A12: =P2_Input!A12 -> 0 | B12: =P2_Input!B12 -> 0 | C12: =P2_Input!C12 -> 0 | D12: =P2_Input!D12 -> 0 | E12: =P2_Input!E12 -> 0 | F12: =P2_Input!F12 -> 0 | G12: =P2_Input!G12 -> 0 | H12: =IF($V12="","",INDEX(Config_Weight!$B$2:$B$5,MATCH($V12,Config_Weight!$A$2:$A$5,0))) -> #N/A | I12: =IF($V12="","",INDEX(Config_Weight!$C$2:$C$5,MATCH($V12,Config_Weight!$A$2:$A$5,0))) -> #N/A | J12: =IF($V12="","",INDEX(Config_Weight!$D$2:$D$5,MATCH($V12,Config_Weight!$A$2:$A$5,0))) -> #N/A | K12: =IF($V12="","",INDEX(Config_Weight!$E$2:$E$5,MATCH($V12,Config_Weight!$A$2:$A$5,0))) -> #N/A | L12: =IF($A12="","",$D12*$H12/100) -> #N/A | M12: =IF($A12="","",$E12*$I12/100) -> #N/A | N12: =IF($A12="","",$F12*$J12/100) -> #N/A | O12: =IF($A12="","",$G12*$K12/100) -> #N/A | P12: =IF($A12="","",SUM($L12:$O12)) -> #N/A | Q12: =IF($A12="","",IF(OR($F12<3,$G12<3),1,0)) -> 1 | R12: =IF($A12="","",IF(OR(P2_Input!H12="Yes",P2_Input!I12="Yes"),1,0)) -> 0 | S12: =IF($A12="","",IF($W12="",$X12,$X12*0.7+$Y12*0.3)) -> #N/A | T12: =IF($A12="","",IF($S12<2.5,"D",IF($S12<3.3,"C",IF($S12<3.9,"B","A")))) -> #N/A | U12: =IF($A12="","",IF($R12=0,$T12,IF($T12="A","B",IF($T12="B","C",IF($T12="C","D","D"))))) -> #N/A | V12: =P2_Input!L12 -> 0 | W12: =P2_Input!M12 -> 0 | X12: =IF($A12="","",IF($Q12=1,MIN($P12,3.2),$P12)) -> #N/A | Y12: =IF(OR($A12="",$W12=""),"",((P2_Input!N12*INDEX(Config_Weight!$B$2:$B$5,MATCH($W12,Config_Weight!$A$2:$A$5,0))/100)+(P2_Input!O12*INDEX(Config_Weight!$C$2:$C$5,MATCH($W12,Config_Weight!$A$2:$A$5,0))/100))/((INDEX(Config_Weight!$B$2:$B$5,MATCH($W12,Config_Weight!$A$2:$A$5,0))+INDEX(Config_Weight!$C$2:$C$5,MATCH($W12,Config_Weight!$A$2:$A$5,0)))/100)) -> #N/A
A13: =P2_Input!A13 -> 0 | B13: =P2_Input!B13 -> 0 | C13: =P2_Input!C13 -> 0 | D13: =P2_Input!D13 -> 0 | E13: =P2_Input!E13 -> 0 | F13: =P2_Input!F13 -> 0 | G13: =P2_Input!G13 -> 0 | H13: =IF($V13="","",INDEX(Config_Weight!$B$2:$B$5,MATCH($V13,Config_Weight!$A$2:$A$5,0))) -> #N/A | I13: =IF($V13="","",INDEX(Config_Weight!$C$2:$C$5,MATCH($V13,Config_Weight!$A$2:$A$5,0))) -> #N/A | J13: =IF($V13="","",INDEX(Config_Weight!$D$2:$D$5,MATCH($V13,Config_Weight!$A$2:$A$5,0))) -> #N/A | K13: =IF($V13="","",INDEX(Config_Weight!$E$2:$E$5,MATCH($V13,Config_Weight!$A$2:$A$5,0))) -> #N/A | L13: =IF($A13="","",$D13*$H13/100) -> #N/A | M13: =IF($A13="","",$E13*$I13/100) -> #N/A | N13: =IF($A13="","",$F13*$J13/100) -> #N/A | O13: =IF($A13="","",$G13*$K13/100) -> #N/A | P13: =IF($A13="","",SUM($L13:$O13)) -> #N/A | Q13: =IF($A13="","",IF(OR($F13<3,$G13<3),1,0)) -> 1 | R13: =IF($A13="","",IF(OR(P2_Input!H13="Yes",P2_Input!I13="Yes"),1,0)) -> 0 | S13: =IF($A13="","",IF($W13="",$X13,$X13*0.7+$Y13*0.3)) -> #N/A | T13: =IF($A13="","",IF($S13<2.5,"D",IF($S13<3.3,"C",IF($S13<3.9,"B","A")))) -> #N/A | U13: =IF($A13="","",IF($R13=0,$T13,IF($T13="A","B",IF($T13="B","C",IF($T13="C","D","D"))))) -> #N/A | V13: =P2_Input!L13 -> 0 | W13: =P2_Input!M13 -> 0 | X13: =IF($A13="","",IF($Q13=1,MIN($P13,3.2),$P13)) -> #N/A | Y13: =IF(OR($A13="",$W13=""),"",((P2_Input!N13*INDEX(Config_Weight!$B$2:$B$5,MATCH($W13,Config_Weight!$A$2:$A$5,0))/100)+(P2_Input!O13*INDEX(Config_Weight!$C$2:$C$5,MATCH($W13,Config_Weight!$A$2:$A$5,0))/100))/((INDEX(Config_Weight!$B$2:$B$5,MATCH($W13,Config_Weight!$A$2:$A$5,0))+INDEX(Config_Weight!$C$2:$C$5,MATCH($W13,Config_Weight!$A$2:$A$5,0)))/100)) -> #N/A
... A31: =P2_Input!A31 -> 0 | B31: =P2_Input!B31 -> 0 | C31: =P2_Input!C31 -> 0 | D31: =P2_Input!D31 -> 0 | E31: =P2_Input!E31 -> 0 | F31: =P2_Input!F31 -> 0 | G31: =P2_Input!G31 -> 0 | H31: =IF($V31="","",INDEX(Config_Weight!$B$2:$B$5,MATCH($V31,Config_Weight!$A$2:$A$5,0))) -> #N/A | I31: =IF($V31="","",INDEX(Config_Weight!$C$2:$C$5,MATCH($V31,Config_Weight!$A$2:$A$5,0))) -> #N/A | J31: =IF($V31="","",INDEX(Config_Weight!$D$2:$D$5,MATCH($V31,Config_Weight!$A$2:$A$5,0))) -> #N/A | K31: =IF($V31="","",INDEX(Config_Weight!$E$2:$E$5,MATCH($V31,Config_Weight!$A$2:$A$5,0))) -> #N/A | L31: =IF($A31="","",$D31*$H31/100) -> #N/A | M31: =IF($A31="","",$E31*$I31/100) -> #N/A | N31: =IF($A31="","",$F31*$J31/100) -> #N/A | O31: =IF($A31="","",$G31*$K31/100) -> #N/A | P31: =IF($A31="","",SUM($L31:$O31)) -> #N/A | Q31: =IF($A31="","",IF(OR($F31<3,$G31<3),1,0)) -> 1 | R31: =IF($A31="","",IF(OR(P2_Input!H31="Yes",P2_Input!I31="Yes"),1,0)) -> 0 | S31: =IF($A31="","",IF($W31="",$X31,$X31*0.7+$Y31*0.3)) -> #N/A | T31: =IF($A31="","",IF($S31<2.5,"D",IF($S31<3.3,"C",IF($S31<3.9,"B","A")))) -> #N/A | U31: =IF($A31="","",IF($R31=0,$T31,IF($T31="A","B",IF($T31="B","C",IF($T31="C","D","D"))))) -> #N/A | V31: =P2_Input!L31 -> 0 | W31: =P2_Input!M31 -> 0 | X31: =IF($A31="","",IF($Q31=1,MIN($P31,3.2),$P31)) -> #N/A | Y31: =IF(OR($A31="",$W31=""),"",((P2_Input!N31*INDEX(Config_Weight!$B$2:$B$5,MATCH($W31,Config_Weight!$A$2:$A$5,0))/100)+(P2_Input!O31*INDEX(Config_Weight!$C$2:$C$5,MATCH($W31,Config_Weight!$A$2:$A$5,0))/100))/((INDEX(Config_Weight!$B$2:$B$5,MATCH($W31,Config_Weight!$A$2:$A$5,0))+INDEX(Config_Weight!$C$2:$C$5,MATCH($W31,Config_Weight!$A$2:$A$5,0)))/100)) -> #N/A

Sheet Summary
A1: P2 Summary (BP Công Nghệ)
A2: Xếp loại | B2: Ngưỡng
A3: A | B3: > 3.8
A4: B | B4: 3.3 – 3.8
A5: C | B5: 2.5 – 3.2
A6: D | B6: < 2.5
A8: Rank | B8: Emp_ID | C8: Name | D8: Role | E8: P2_Final | F8: Level_Final | G8: CAP_3.2 | H8: DOWN_1_LEVEL
A9: =IF($B9="","",COUNTIFS($E$9:$E$38,">"&$E9)+1) -> 31 | B9: =P2_Calc!A2 -> E001 | C9: =P2_Calc!B2 -> Nguyen Van A | D9: =P2_Calc!C2 -> BE | E9: =P2_Calc!S2 -> #N/A | F9: =P2_Calc!U2 -> #N/A | G9: =P2_Calc!Q2 -> 0 | H9: =P2_Calc!R2 -> 0
A10: =IF($B10="","",COUNTIFS($E$9:$E$38,">"&$E10)+1) -> 31 | B10: =P2_Calc!A3 -> E002 | C10: =P2_Calc!B3 -> Tran Thi B | D10: =P2_Calc!C3 -> DE | E10: =P2_Calc!S3 -> #N/A | F10: =P2_Calc!U3 -> #N/A | G10: =P2_Calc!Q3 -> 0 | H10: =P2_Calc!R3 -> 0
A11: =IF($B11="","",COUNTIFS($E$9:$E$38,">"&$E11)+1) -> 31 | B11: =P2_Calc!A4 -> 0 | C11: =P2_Calc!B4 -> 0 | D11: =P2_Calc!C4 -> 0 | E11: =P2_Calc!S4 -> #N/A | F11: =P2_Calc!U4 -> #N/A | G11: =P2_Calc!Q4 -> 1 | H11: =P2_Calc!R4 -> 0
A12: =IF($B12="","",COUNTIFS($E$9:$E$38,">"&$E12)+1) -> 31 | B12: =P2_Calc!A5 -> 0 | C12: =P2_Calc!B5 -> 0 | D12: =P2_Calc!C5 -> 0 | E12: =P2_Calc!S5 -> #N/A | F12: =P2_Calc!U5 -> #N/A | G12: =P2_Calc!Q5 -> 1 | H12: =P2_Calc!R5 -> 0
A13: =IF($B13="","",COUNTIFS($E$9:$E$38,">"&$E13)+1) -> 31 | B13: =P2_Calc!A6 -> 0 | C13: =P2_Calc!B6 -> 0 | D13: =P2_Calc!C6 -> 0 | E13: =P2_Calc!S6 -> #N/A | F13: =P2_Calc!U6 -> #N/A | G13: =P2_Calc!Q6 -> 1 | H13: =P2_Calc!R6 -> 0
A14: =IF($B14="","",COUNTIFS($E$9:$E$38,">"&$E14)+1) -> 31 | B14: =P2_Calc!A7 -> 0 | C14: =P2_Calc!B7 -> 0 | D14: =P2_Calc!C7 -> 0 | E14: =P2_Calc!S7 -> #N/A | F14: =P2_Calc!U7 -> #N/A | G14: =P2_Calc!Q7 -> 1 | H14: =P2_Calc!R7 -> 0
A15: =IF($B15="","",COUNTIFS($E$9:$E$38,">"&$E15)+1) -> 31 | B15: =P2_Calc!A8 -> 0 | C15: =P2_Calc!B8 -> 0 | D15: =P2_Calc!C8 -> 0 | E15: =P2_Calc!S8 -> #N/A | F15: =P2_Calc!U8 -> #N/A | G15: =P2_Calc!Q8 -> 1 | H15: =P2_Calc!R8 -> 0
A16: =IF($B16="","",COUNTIFS($E$9:$E$38,">"&$E16)+1) -> 31 | B16: =P2_Calc!A9 -> 0 | C16: =P2_Calc!B9 -> 0 | D16: =P2_Calc!C9 -> 0 | E16: =P2_Calc!S9 -> #N/A | F16: =P2_Calc!U9 -> #N/A | G16: =P2_Calc!Q9 -> 1 | H16: =P2_Calc!R9 -> 0
A17: =IF($B17="","",COUNTIFS($E$9:$E$38,">"&$E17)+1) -> 31 | B17: =P2_Calc!A10 -> 0 | C17: =P2_Calc!B10 -> 0 | D17: =P2_Calc!C10 -> 0 | E17: =P2_Calc!S10 -> #N/A | F17: =P2_Calc!U10 -> #N/A | G17: =P2_Calc!Q10 -> 1 | H17: =P2_Calc!R10 -> 0
A18: =IF($B18="","",COUNTIFS($E$9:$E$38,">"&$E18)+1) -> 31 | B18: =P2_Calc!A11 -> 0 | C18: =P2_Calc!B11 -> 0 | D18: =P2_Calc!C11 -> 0 | E18: =P2_Calc!S11 -> #N/A | F18: =P2_Calc!U11 -> #N/A | G18: =P2_Calc!Q11 -> 1 | H18: =P2_Calc!R11 -> 0
A19: =IF($B19="","",COUNTIFS($E$9:$E$38,">"&$E19)+1) -> 31 | B19: =P2_Calc!A12 -> 0 | C19: =P2_Calc!B12 -> 0 | D19: =P2_Calc!C12 -> 0 | E19: =P2_Calc!S12 -> #N/A | F19: =P2_Calc!U12 -> #N/A | G19: =P2_Calc!Q12 -> 1 | H19: =P2_Calc!R12 -> 0
A20: =IF($B20="","",COUNTIFS($E$9:$E$38,">"&$E20)+1) -> 31 | B20: =P2_Calc!A13 -> 0 | C20: =P2_Calc!B13 -> 0 | D20: =P2_Calc!C13 -> 0 | E20: =P2_Calc!S13 -> #N/A | F20: =P2_Calc!U13 -> #N/A | G20: =P2_Calc!Q13 -> 1 | H20: =P2_Calc!R13 -> 0
... A38: =IF($B38="","",COUNTIFS($E$9:$E$38,">"&$E38)+1) -> 31 | B38: =P2_Calc!A31 -> 0 | C38: =P2_Calc!B31 -> 0 | D38: =P2_Calc!C31 -> 0 | E38: =P2_Calc!S31 -> #N/A | F38: =P2_Calc!U31 -> #N/A | G38: =P2_Calc!Q31 -> 1 | H38: =P2_Calc!R31 -> 0
A41: Ghi chú: CAP_3.2 = DevOps hoặc AI < 3 (bắt buộc). DOWN_1_LEVEL = có sự cố hoặc bỏ sót bàn giao.
